id,Global_Sales
11,0.2502553
12,0.340242406
17,0.830226504
23,0.09027069
27,0.160260498
32,7.159592915
35,0.20026429
36,0.340277148
39,2.589935595
42,0.2102563
52,1.670159052
54,0.200277978
56,0.040277917
57,0.780190554
64,0.170263995
68,0.080271221
74,0.140261925
78,0.080278689
92,0.260260915
95,0.040278309
99,0.590235908
101,0.09026969
109,0.05027311
113,0.600207776
116,0.340248537
118,0.730182968
119,0.400276792
122,0.05027553
127,10.48961793
128,0.040278926
133,0.020279045
143,0.120278452
145,0.280251949
154,0.030276812
166,0.030275957
169,0.030276812
170,0.270257981
178,0.030276812
201,0.630237633
202,0.350246468
206,0.020279045
207,0.390244193
213,0.700205656
216,0.350248033
224,3.049969963
226,0.860170306
230,0.060274461
234,0.730213262
237,0.570275785
248,0.030275957
251,0.01027895
252,0.180262071
253,0.510214975
255,0.44021847
257,0.880188143
264,0.020277881
268,0.110264987
270,0.020277881
273,0.100278571
276,0.780212919
283,0.460235277
287,0.070271827
293,0.010278095
299,1.690093781
303,0.090273966
308,1.210152134
310,0.490265969
311,9.899586469
315,0.190261311
321,0.720203213
322,0.410240734
326,0.340252738
331,0.150263277
338,0.240248107
345,0.140263636
352,0.040275744
356,0.36024782
372,0.020279045
373,0.57020059
376,0.060278808
384,0.060272751
390,1.550124233
399,0.390238207
405,0.010279104
406,0.050274974
411,0.060272751
414,0.050274829
422,0.080277455
424,0.290252591
427,0.120278452
436,0.070269262
438,0.310246612
442,0.030275957
443,0.100267056
444,0.210254299
446,0.040278926
451,0.150260712
456,0.140263636
459,0.250277682
460,4.709771842
466,0.010278095
473,0.420235856
474,0.930196048
476,0.130262849
477,0.320250384
482,0.090267124
502,0.190263133
506,0.060273606
510,0.090272017
513,0.790194877
517,0.120278452
524,0.020279045
538,0.370246751
543,1.190211993
544,0.010279104
547,0.570249726
554,1.130173382
556,0.110267552
559,0.040275744
568,0.630212992
570,0.06027033
572,0.210277919
573,3.820025584
575,0.120278452
577,0.050274675
578,0.250253735
590,0.920213142
596,0.040275034
600,0.080278689
607,0.160259933
608,0.340249102
614,0.020279045
624,0.030278986
642,0.950197186
656,0.410236925
658,0.190274607
665,0.010279104
667,0.050278867
671,0.240252537
676,0.010279104
684,0.070273393
694,0.100270186
695,0.150265843
699,0.080278689
704,0.150263277
713,0.710257449
719,0.070270117
727,0.100270186
740,0.220277859
751,1.040177169
756,0.070278749
760,0.010278095
763,0.320245543
767,0.040275744
775,0.130266415
783,0.550224948
786,0.060278808
787,0.060272041
795,0.09026969
798,0.150270974
802,0.350277089
803,0.610210563
805,0.230255017
807,0.050278867
812,0.130264705
813,0.310241191
816,0.010279104
817,0.160278215
825,0.020277026
826,0.330259013
827,0.240252948
835,0.010279104
840,0.100266055
842,0.180258361
849,0.020278736
850,0.95019417
852,0.640196675
853,1.38018348
854,0.270270703
857,0.410221676
858,0.030278986
861,0.030276812
865,0.090267124
867,0.780202956
877,0.050278867
880,0.080278689
900,0.190259857
904,0.240253948
912,0.120263918
917,0.050278096
921,0.01027895
925,0.110264987
929,0.22025081
935,0.070269262
938,0.01027895
941,0.100270186
944,0.020279045
949,0.040275034
950,0.250251487
955,0.510225237
963,0.440239415
964,0.090271255
966,1.510123501
968,0.14026178
972,0.160278215
973,0.65021171
980,0.030278986
983,0.150263277
984,0.05027553
991,0.150260712
997,0.090271255
1001,0.060272041
1010,0.070278749
1023,0.090267124
1024,0.040275744
1032,0.130278393
1033,0.370239489
1038,0.080270759
1043,0.200271616
1045,0.060272751
1055,0.010279104
1056,0.170258719
1064,0.160264629
1066,0.890235459
1070,0.120263918
1077,0.010278095
1086,0.29025088
1088,0.020277881
1102,0.100270186
1103,0.09027863
1104,0.290270584
1116,2.680263276
1118,0.060278808
1120,0.37027697
1124,0.450230794
1126,1.260216221
1128,0.01027895
1132,0.070270117
1146,0.130268443
1150,0.05027382
1155,0.190256437
1156,0.58022092
1160,0.010279104
1161,0.56022972
1172,0.33024746
1175,0.430239628
1176,0.340236419
1184,3.200008976
1185,0.440237414
1187,0.060278808
1191,0.120264773
1193,2.949970978
1197,0.130267835
1198,0.110269118
1211,10.94957037
1228,0.190260157
1230,0.100270186
1234,3.199986643
1239,0.180261071
1244,0.030276812
1249,0.030277668
1250,0.750229306
1253,0.200256377
1264,0.030276812
1268,0.090275447
1271,2.789907813
1283,0.17026385
1294,0.040278926
1311,0.350240062
1313,1.380138096
1321,0.010279104
1327,0.040274889
1333,1.340150827
1337,1.940071824
1338,0.040276599
1340,0.200258789
1359,0.070278749
1360,3.190260253
1376,0.050277858
1377,0.020278736
1388,0.370239489
1401,0.320270407
1412,0.140266766
1413,0.140266056
1414,2.419963086
1419,0.860220115
1429,0.110268407
1430,0.130270009
1434,1.310166247
1435,0.160259643
1436,0.070271682
1439,0.590216252
1443,0.110275081
1444,0.120278452
1448,0.2502553
1451,0.160265484
1457,1.290172033
1458,0.040277454
1460,0.010279104
1463,0.030276812
1464,0.130278393
1469,1.390155445
1482,1.580137406
1488,0.110278511
1491,0.150263132
1513,0.140272898
1517,0.500216043
1521,0.020279045
1522,0.120278452
1530,0.870223177
1535,0.080270759
1538,0.760135599
1540,0.440244836
1548,0.020279045
1556,0.020279045
1576,0.150260712
1578,0.010279104
1585,0.040275744
1590,1.470203943
1597,0.060272751
1615,0.060278808
1616,0.240277741
1618,0.21025772
1622,0.110268407
1627,0.110278511
1632,0.100270186
1640,0.020278736
1643,0.040278926
1648,0.330245475
1676,0.020279045
1682,0.190256437
1686,0.050278867
1688,0.560262124
1694,0.350243202
1702,0.020279045
1717,0.520265791
1720,0.190263133
1740,0.290250315
1744,0.160262353
1760,0.110264987
1761,0.010278095
1763,0.270254018
1774,0.050274675
1782,0.110269973
1790,0.140266056
1791,5.21010249
1794,0.020279045
1800,0.97015613
1801,0.590225239
1802,0.030278986
1805,0.05027553
1815,1.430151742
1825,1.130168396
1827,0.180257505
1831,0.080270759
1832,0.060276172
1835,0.020279045
1836,0.260255087
1838,0.170257009
1841,0.070274711
1851,3.389968236
1853,0.470233353
1859,0.020279045
1864,0.080268193
1886,0.290254834
1887,0.840184441
1895,0.460237842
1896,0.200269192
1897,0.020277026
1899,6.74957138
1901,0.230255017
1904,1.170172803
1906,0.020278736
1910,0.030278986
1913,0.220264638
1917,0.360233862
1920,0.040278926
1931,0.360234282
1934,0.200277978
1935,0.280270891
1937,0.370261434
1938,1.310140301
1940,0.010279104
1943,0.290243328
1945,0.170278156
1946,0.340249812
1947,0.130267125
1954,0.5002762
1957,0.070274248
1958,0.060273606
1962,0.080268193
1968,9.299678626
1971,0.440273125
1972,0.2102563
1978,0.040275744
1980,0.270246475
1984,0.030278986
1986,1.320212683
1989,0.480219891
1990,0.660214627
1991,0.09027863
1994,0.080268193
1997,0.05027382
2002,0.340277148
2004,0.29024946
2009,0.430261917
2026,0.05027311
2028,0.370240055
2030,0.080272469
2031,0.320250384
2032,0.050278867
2033,0.100266055
2040,0.220257506
2045,0.090267124
2049,1.360133441
2050,1.820105929
2051,0.270254018
2053,0.480266028
2063,0.580219611
2064,0.370245751
2070,0.520243306
2076,1.090170961
2090,0.080278689
2096,0.54022133
2103,0.090268989
2109,0.190263133
2112,0.010278095
2118,0.010279104
2125,0.05027553
2129,0.020277881
2130,0.220256651
2132,0.160262353
2137,0.250277682
2139,0.510232224
2140,0.190259857
2143,0.020279045
2150,0.150278274
2151,3.759969571
2152,1.390135183
2154,0.370243185
2155,0.180265492
2158,0.870187777
2160,0.430170273
2184,0.260252666
2185,0.210254299
2198,0.020277881
2212,1.030193921
2227,0.690212551
2231,0.22025081
2233,0.19026061
2235,0.180260071
2244,0.68023496
2246,0.020278736
2247,0.070278749
2254,0.120263918
2258,0.020278736
2259,1.690122679
2262,0.080272324
2263,0.010278095
2265,0.120263918
2270,0.120268904
2276,3.239996791
2280,5.55992543
2285,0.190261082
2303,0.230250596
2307,0.2302778
2326,0.480247408
2330,0.280253094
2334,0.020277881
2335,0.210254299
2338,0.180264501
2340,0.25025359
2343,1.300156358
2346,0.97017851
2349,0.020279045
2354,0.210264539
2356,0.090274429
2358,0.160262919
2366,0.360277029
2369,0.170278156
2373,0.190254871
2375,0.05027553
2378,0.130262849
2389,0.67019802
2390,0.640222881
2397,0.400238148
2405,0.100270186
2413,1.86015171
2419,0.34023813
2421,4.219979486
2429,0.080274179
2433,0.140265201
2459,3.499914446
2460,0.05027311
2462,9.359325032
2470,1.710131774
2478,0.200277978
2484,0.110268407
2485,0.030275247
2501,0.040275744
2502,2.020057898
2506,0.400237138
2511,1.830027343
2513,0.020277026
2527,0.610223981
2539,0.120278452
2543,2.940023743
2547,0.400233427
2551,0.060272041
2555,0.760195402
2560,0.020278736
2572,0.170258574
2578,0.020277026
2582,0.540222466
2596,0.030277668
2598,0.080268193
2601,0.040278309
2604,0.090267124
2605,0.370243475
2612,0.440224876
2616,0.01027895
2620,0.110264987
2623,0.79025733
2626,0.830274243
2629,0.080269048
2631,0.670204296
2641,0.37027697
2644,0.020279045
2646,1.80006819
2649,0.090271255
2656,0.690198593
2657,0.080272324
2661,0.030275247
2663,0.730223966
2670,0.330255588
2674,0.130264705
2692,0.070278749
2695,0.01027895
2699,0.040274889
2701,0.430219539
2702,0.140266056
2707,0.120268904
2711,0.100270186
2716,0.020278736
2725,0.270252162
2727,0.080278689
2728,0.540224741
2732,0.090267979
2738,0.020278736
2739,0.050278867
2742,0.110265842
2752,5.149987496
2753,0.400241979
2755,1.04021644
2756,1.230127632
2758,0.120263208
2767,0.600201675
2769,0.030275957
2775,0.090271255
2776,0.040275744
2784,1.270198733
2788,0.060272751
2795,0.05027382
2796,0.080269048
2810,0.040274889
2814,0.290245894
2815,0.080268193
2818,0.040275744
2823,1.000211808
2830,0.040275188
2838,1.020177732
2841,0.100266055
2844,0.050274675
2853,0.080278689
2857,0.130268845
2864,0.320245543
2866,0.010279104
2869,0.110264276
2873,0.360261177
2874,0.280248253
2898,0.020277026
2904,0.020279045
2905,0.170278156
2908,0.020278736
2912,0.570223245
2917,0.090267124
2919,0.160269905
2921,0.140262636
2927,0.310242046
2928,0.040274889
2929,0.080277455
2940,0.70022689
2941,0.640222881
2942,0.200252947
2944,0.160264134
2949,0.330277207
2967,0.190278037
2972,0.030275957
2975,0.930195177
2977,0.05027553
2983,0.550221397
2985,0.220277859
2986,0.020278036
2987,0.88019397
2988,0.040278926
2994,0.100268621
2998,0.080270759
3000,0.110269118
3001,0.05027382
3002,0.030278986
3003,0.140278334
3007,0.110274319
3010,0.020277026
3012,1.820095404
3017,0.020279045
3020,0.2402615
3024,0.130262849
3025,0.120267647
3043,0.460237842
3046,0.05027382
3060,0.020279045
3062,0.440233849
3076,0.340269372
3091,0.320250384
3092,0.010278095
3100,0.450223808
3102,0.970273413
3108,0.160262353
3110,0.040275744
3113,0.040274889
3116,0.290248605
3123,0.060273606
3125,0.390240628
3130,0.080272324
3134,0.100270186
3135,0.020278036
3138,3.939818963
3142,0.260256713
3144,0.130262849
3145,0.060272751
3147,0.160272471
3148,0.160260498
3150,0.070273393
3157,0.010279104
3160,0.330270347
3162,0.180263492
3166,0.160261353
3180,1.430130637
3186,0.030278986
3187,0.060272041
3188,0.030278986
3195,0.130267125
3196,0.200258789
3205,0.240248817
3206,0.60020182
3216,0.100273752
3218,0.020277026
3221,1.090148581
3224,0.540226872
3230,0.010278095
3231,0.510227247
3235,0.01027895
3239,0.010279104
3248,0.050278867
3253,0.080272324
3254,0.050278867
3261,0.460236783
3262,0.240249527
3263,0.780197656
3280,0.80020523
3284,0.300251522
3291,0.040278309
3309,0.080270759
3324,0.020278736
3331,0.190256437
3332,0.100269476
3333,0.400276792
3338,0.040274889
3341,0.040277454
3347,0.740250839
3350,0.150258291
3353,0.040275034
3355,2.420030556
3361,0.150278274
3363,0.430227656
3369,0.49023136
3372,0.030276812
3374,0.310251453
3382,0.250262839
3389,0.130262849
3400,0.880181456
3409,0.080272324
3412,0.09027863
3425,2.980030119
3433,0.130265705
3435,0.190259857
3437,0.260257362
3441,0.100269476
3443,0.970217742
3446,0.090267124
3453,0.030278986
3468,0.600213207
3470,0.040274889
3473,0.970183641
3474,1.140155048
3481,0.030278986
3483,0.060278345
3487,3.279874533
3488,0.170257864
3494,0.370239489
3502,0.230249741
3507,0.060274606
3512,0.030277668
3514,0.400239559
3515,0.570232649
3532,0.870194183
3533,0.550227513
3538,0.030275957
3545,0.040277917
3548,0.220260217
3549,0.010279104
3554,0.030275957
3560,0.070278749
3563,0.450276496
3564,0.01027895
3566,0.730215697
3571,0.230259713
3576,0.030276812
3578,0.050274829
3579,0.72019111
3586,1.800056329
3587,0.100269476
3592,0.010278095
3597,1.590134373
3598,0.080272324
3602,0.020279045
3604,0.020277881
3610,0.620231716
3613,0.13026456
3616,0.310249613
3623,0.150266698
3638,0.47021925
3639,0.14026178
3648,0.340244261
3649,0.010279104
3650,4.08997203
3652,0.980151525
3661,0.100266055
3666,0.010279104
3671,0.060278808
3680,0.190259147
3681,0.040274889
3686,3.049969371
3690,0.130278393
3691,0.300277385
3693,0.080278689
3697,1.60012562
3703,0.190263133
3706,0.110275081
3709,0.270255728
3711,0.100278571
3718,0.010279104
3737,0.700214483
3738,0.790202588
3743,0.230258447
3751,0.070278749
3761,0.06027033
3773,3.579922816
3775,0.570220321
3776,0.850196406
3783,0.450238346
3786,0.040275034
3811,0.010279104
3815,0.52021192
3835,0.05027382
3844,0.190262423
3854,0.070269262
3855,0.020279045
3857,3.210011104
3859,0.180261071
3866,0.870193068
3869,0.26024739
3878,2.020150482
3881,0.730217698
3882,0.22025081
3887,1.040168974
3888,0.070278749
3889,0.060273606
3891,0.510264259
3900,0.070277669
3905,0.050274675
3908,11.76946878
3915,0.05027311
3919,0.410276733
3920,0.490226939
3925,1.740139381
3927,0.060273606
3933,2.160095522
3937,0.400241979
3941,0.070274393
3947,0.120265628
3966,0.360244689
3986,0.470229802
3987,0.210277919
3988,0.09027863
3990,1.920070523
3995,0.170262285
3997,0.220204819
3998,0.020277026
4003,0.130269691
4010,0.440235172
4013,0.05027311
4014,0.320236716
4017,0.720216041
4020,0.580207638
4022,0.320247399
4023,0.190278037
4027,0.760195319
4037,0.220254231
4044,0.040278926
4048,0.180257505
4053,0.590228239
4058,1.7600848
4060,0.010278095
4075,0.010278095
4078,0.040278309
4089,0.010279104
4092,0.100267766
4095,0.080268193
4098,0.900156494
4105,0.050274675
4109,14.63931766
4110,0.110264987
4115,0.030275957
4118,0.100278571
4119,0.170268836
4121,0.150265843
4125,1.670091899
4127,0.290277444
4128,0.380270051
4129,0.160263919
4134,1.950090405
4142,0.150265698
4146,0.350265137
4154,0.190278037
4159,0.010278095
4161,0.050278867
4163,0.080278689
4168,0.09027863
4183,0.830197902
4188,0.260270762
4189,0.190259857
4190,0.05027382
4191,0.180261071
4194,0.09027863
4196,0.190278037
4199,0.560220328
4208,0.040278926
4221,1.200130608
4230,0.710235857
4233,0.13027521
4239,0.47022096
4240,0.700206221
4252,0.010278095
4257,0.110269973
4264,0.360277029
4265,0.540235145
4266,0.160258223
4272,0.240257224
4278,0.09027863
4283,0.400240834
4284,0.300252232
4316,0.420220608
4335,0.420244188
4336,0.09026969
4337,30.25752398
4345,0.040275744
4351,0.030275957
4355,0.050271399
4356,0.010278095
4360,0.290242618
4364,0.060272751
4365,0.030278986
4368,0.120266483
4381,1.280174655
4386,0.160265845
4387,1.510137105
4397,1.18017472
4410,1.530141039
4411,10.80940762
4417,0.940170323
4421,0.060271186
4424,0.320246964
4429,0.05027482
4434,0.130264714
4438,0.700205351
4453,0.030277976
4469,0.250257936
4473,0.450238346
4481,0.160262353
4492,0.060273606
4497,0.420244034
4498,1.800132895
4501,0.01027895
4514,0.760198533
4518,0.170256154
4521,0.690211696
4523,0.310251598
4528,0.110268407
4540,0.250253712
4541,0.030278523
4545,0.360237993
4546,0.080278689
4548,0.25025317
4551,0.020277026
4560,0.100278571
4562,0.030278986
4566,0.240252238
4572,0.080278689
4577,1.080183697
4581,2.790014217
4582,1.050186758
4585,0.05027553
4586,0.280255029
4595,0.260253231
4602,0.110269118
4604,0.090267124
4605,0.110267552
4609,0.040275034
4611,0.140266056
4613,0.410235359
4617,0.280266134
4619,0.460231105
4626,0.030278523
4627,0.05027553
4639,0.090267124
4643,4.329964151
4644,0.020279045
4656,0.080278689
4658,0.250250459
4659,0.150260712
4664,0.610221826
4674,0.380276911
4679,0.250263852
4682,0.230255017
4683,0.14026178
4684,0.270245466
4685,0.010279104
4689,0.310246467
4700,0.120263918
4703,0.300251522
4706,0.290253096
4715,0.340244261
4718,1.420260456
4719,0.380242972
4737,0.110264987
4740,0.020278736
4742,0.010279104
4746,0.060273606
4749,0.400242124
4751,0.020277026
4752,0.140278334
4757,0.060272041
4767,0.130263704
4773,0.170258574
4782,1.000223444
4786,0.14026107
4788,0.890176377
4789,0.17026214
4790,0.130263859
4793,0.030278986
4794,0.510239184
4795,0.05027382
4796,0.030275247
4798,0.48023443
4805,0.400246158
4816,0.180278097
4817,0.010278095
4818,0.290247894
4831,0.140267622
4835,0.030276812
4838,3.089861947
4842,0.610214274
4843,0.120263918
4844,0.140263491
4853,0.800274421
4857,0.040274889
4863,0.420239132
4864,0.290274014
4869,0.230255017
4873,0.130266415
4874,0.160264774
4878,0.150266553
4884,0.160263372
4887,0.100272897
4905,0.180257505
4906,0.170266496
4910,0.020278736
4911,0.090267124
4913,0.01027895
4914,0.390241903
4917,0.120269049
4928,0.130263704
4933,0.210267744
4934,0.040275744
4936,0.020278736
4947,0.310245467
4960,0.030276812
4964,0.040274889
4967,0.450266206
4972,0.980202531
4976,0.030278986
4979,0.760223984
4985,0.180260926
4988,0.030278986
4996,0.480219036
4997,0.100277028
5000,0.100278571
5003,0.220253375
5004,0.370237924
5019,0.420239193
5025,0.080278689
5026,2.130160901
5033,0.020277026
5040,0.660275251
5045,0.080278689
5048,0.080268193
5052,0.220258506
5055,0.190256437
5056,0.080268193
5059,0.05027482
5072,0.050274675
5073,0.260246535
5079,1.220149385
5089,0.960173592
5099,0.080278689
5100,0.180261071
5101,0.060272041
5103,0.200262808
5114,0.600213213
5116,0.420239357
5123,0.130262849
5127,0.800204053
5135,0.290255918
5145,0.050278867
5147,5.27997907
5148,0.120263918
5151,0.140266056
5155,0.020279045
5157,0.14026178
5158,0.540212068
5162,0.240252948
5167,0.37024133
5170,0.020279045
5175,0.070269262
5176,5.269878997
5183,0.05027553
5198,5.329878318
5200,4.609929506
5204,1.330156069
5206,0.760198533
5210,0.05027382
5215,0.020277026
5222,0.020278736
5226,0.160264629
5228,0.09027863
5229,1.2501344
5230,0.020278736
5236,0.060272751
5241,0.310249033
5243,0.320240122
5246,0.130263704
5255,0.050274675
5257,0.270249177
5262,0.030278986
5265,0.840061099
5276,0.030278986
5278,0.030278986
5283,0.110267552
5284,0.090271255
5300,0.090267124
5303,0.980183046
5311,0.010278095
5319,0.620251696
5320,0.040278926
5322,0.150278274
5324,0.260270335
5340,0.260255087
5344,0.110264987
5345,0.130263704
5350,1.450123628
5353,0.110264987
5362,1.300127587
5364,0.030277668
5365,0.810206422
5366,1.260193829
5368,0.080270759
5369,0.600226301
5373,0.550221397
5381,0.080268193
5386,2.829986668
5398,0.170265271
5403,3.910007661
5405,0.080278689
5410,0.020278736
5415,0.530227085
5421,0.230255017
5423,1.400267434
5427,0.16026905
5430,0.020279045
5432,0.150264988
5436,0.110268407
5443,0.190264503
5449,0.040275744
5453,0.890193901
5454,0.100278571
5461,0.450141799
5470,0.040275744
5473,0.020279045
5475,0.05027382
5495,0.050278867
5499,0.050278867
5516,0.410233939
5518,0.170260593
5522,0.120270759
5539,0.030276812
5543,0.55021241
5549,0.010279104
5554,1.570135763
5555,0.020278736
5563,0.020279045
5573,0.260252666
5574,0.010278095
5579,1.620131565
5585,0.370234648
5590,1.270193662
5594,0.050274675
5596,0.110265842
5601,1.760110036
5604,0.01027895
5611,0.340248102
5617,0.110268407
5620,0.470233498
5621,0.260254086
5640,1.850174217
5642,0.770274599
5643,0.020278736
5647,0.05027382
5652,4.669785453
5660,0.040274889
5663,0.130267835
5669,0.020279045
5671,0.030278523
5672,0.140263636
5685,0.450253161
5697,1.410130904
5701,1.100178033
5706,0.310277326
5709,0.050274675
5721,0.090278476
5726,0.190256437
5740,0.050278867
5741,0.190267541
5758,0.130278393
5759,0.600261887
5762,1.210160755
5765,0.2502543
5772,0.230260083
5773,0.010279104
5775,0.880198376
5778,1.650269382
5793,0.170258574
5801,0.880211509
5810,0.080270759
5821,0.130267835
5823,1.550113506
5831,0.150278274
5842,0.01027895
5851,0.160278215
5852,3.399916344
5853,0.020279045
5856,0.250253735
5860,0.030278986
5866,0.080272324
5869,0.100269476
5874,0.560239423
5876,0.080274179
5891,0.030278986
5898,0.160278215
5906,0.020278736
5912,0.150263277
5915,0.760206094
5916,0.32024617
5919,1.330139484
5924,3.13995391
5932,0.030276812
5935,0.030275957
5938,0.030275957
5953,0.01027895
5957,0.020278736
5963,0.030275957
5974,1.920054902
5983,0.060272041
5986,0.020279045
5993,0.930190626
5999,0.010279104
6010,0.050274675
6011,0.960168621
6012,0.49024611
6017,0.150265698
6024,0.200274892
6026,0.05027382
6027,0.030278986
6028,0.490210706
6036,0.020277026
6037,0.800207216
6046,1.750180021
6059,0.150265843
6062,0.130278393
6070,0.150278274
6071,0.050274675
6072,0.020277881
6080,1.510270212
6085,0.020279045
6097,0.580207493
6099,2.090143183
6100,1.080163332
6116,12.62891822
6120,0.080269048
6129,0.250249459
6133,0.070272537
6136,0.020278736
6144,0.030278986
6146,0.010279104
6150,0.01027895
6157,0.01027895
6167,0.270277563
6169,0.070269262
6174,0.020277026
6181,0.48023543
6182,0.350241337
6187,0.080268193
6188,0.050274675
6192,0.380264497
6195,3.009970206
6200,0.220269302
6208,0.080271614
6211,0.070270117
6214,0.600275607
6216,0.040278926
6219,0.820187264
6228,0.430242082
6232,0.58023717
6234,0.040274889
6239,0.510254675
6245,0.070269262
6250,0.040275744
6251,1.760090817
6252,0.400233282
6256,0.460220318
6262,0.100269476
6266,0.030278986
6268,0.010279104
6269,0.010278095
6287,0.470266087
6295,0.010279104
6303,0.430219539
6309,0.010279104
6320,0.130267125
6332,0.140278334
6335,0.130262849
6336,0.010279104
6350,10.29933228
6357,0.680224796
6361,0.560216182
6368,0.940189597
6378,0.110268407
6381,0.420235856
6383,0.020277881
6385,0.42023129
6387,1.340169309
6390,0.030275957
6394,0.040278926
6400,0.040278926
6402,0.030275957
6411,0.160262919
6422,0.040274889
6423,0.130267125
6424,0.100270331
6427,0.100269476
6428,0.51027614
6431,0.260267059
6433,0.010279104
6441,0.020278736
6456,0.52023314
6457,0.500234423
6459,0.040275744
6462,0.050278867
6466,0.3202519
6467,0.020277026
6479,0.090271255
6484,0.030278986
6486,0.080268193
6491,0.110268407
6492,0.240274311
6494,0.040275744
6505,0.640114521
6508,0.060272751
6513,0.020279045
6515,0.630221674
6516,0.180260216
6519,0.080268193
6520,0.070273393
6523,0.830196748
6524,0.060273606
6528,0.290245894
6530,0.05027382
6532,0.450228392
6533,0.090271255
6545,1.790114761
6547,0.160260498
6553,0.310248743
6555,0.09027863
6557,0.040275744
6569,0.410276733
6589,0.030276812
6609,0.190259712
6614,0.110269263
6618,0.150260001
6621,0.250263852
6628,0.020279045
6646,0.060272349
6647,0.120267339
6648,2.330031478
6649,0.070273538
6652,2.969956136
6655,0.920181723
6658,0.170274726
6662,0.040278926
6669,0.080272324
6676,0.56022759
6680,0.05027382
6693,0.030276812
6696,0.960181229
6707,0.040274889
6709,0.520224338
6710,0.020279045
6711,0.7202132
6712,0.030276812
6719,0.830188982
6720,0.130269453
6722,0.13026727
6730,0.080274179
6734,0.190262423
6738,0.520216326
6742,1.580137406
6755,0.510228933
6758,1.410145442
6759,1.220236581
6777,0.530226273
6778,0.120264927
6782,0.030278986
6786,0.040276599
6787,0.350247468
6792,0.180257505
6795,0.450238636
6797,0.120263918
6798,0.150263422
6812,0.470253032
6816,0.450238346
6817,0.540228437
6842,0.140263491
6855,0.030278523
6856,0.180257505
6857,0.440232718
6858,0.310249598
6866,0.150266553
6871,0.150278274
6876,0.320270407
6895,0.020279045
6906,0.05027482
6908,0.040274889
6909,2.140265468
6915,0.030276812
6919,3.070020645
6920,0.050278867
6922,0.450248608
6927,0.030278986
6942,0.010278095
6944,0.830187211
6947,1.990034753
6951,0.160265228
6956,1.070175117
6960,0.310246612
6963,0.220259072
6967,6.449735524
6969,0.090267124
6970,0.250248459
6976,0.030276812
6979,0.01027895
6980,0.110264987
6986,0.140267622
6989,0.020279045
7000,2.29010985
7001,1.430087182
7003,0.2502533
7008,0.09027863
7009,0.030278986
7021,0.01027895
7031,0.030277668
7040,0.370244621
7043,0.010279104
7046,0.01027895
7048,2.060087917
7054,0.290243328
7056,1.6401384
7062,0.05027482
7063,0.280256805
7071,0.57022281
7087,0.230249741
7092,0.160274177
7095,0.470276377
7100,0.290244184
7105,0.05027311
7111,0.01027895
7113,0.2502553
7127,0.360277029
7129,0.910235944
7140,0.260246535
7153,0.05027482
7163,0.060278808
7175,0.080270759
7197,0.010279104
7198,0.180261071
7200,1.350241321
7201,0.380175617
7202,0.110266604
7208,0.010278095
7216,1.010231387
7221,1.940074595
7223,0.140267622
7226,0.210277919
7229,0.100270186
7235,0.010279104
7236,1.440122872
7240,0.140278334
7248,0.050278867
7250,0.050274974
7256,0.040278926
7268,0.240251701
7273,0.200277978
7280,0.020279045
7292,0.220277859
7296,0.270260149
7298,0.270265987
7299,0.040274889
7302,0.020277026
7304,0.06027033
7310,0.250251024
7323,1.030183505
7331,0.740183727
7336,0.010279104
7338,1.410133775
7344,0.300239854
7350,0.040278926
7357,0.010279104
7359,0.190262568
7367,0.160264629
7368,1.34011673
7381,0.030276812
7383,0.390238207
7388,3.52996523
7391,0.230249741
7395,0.140266056
7399,0.05027382
7413,1.210268561
7422,0.380264497
7430,0.020277026
7432,0.360264906
7445,0.010279104
7447,0.5002762
7453,0.840174309
7459,0.080268193
7467,0.290247894
7470,0.010279104
7484,0.06027406
7485,0.09027863
7489,0.570220115
7490,2.360176209
7492,0.26026348
7493,0.340244971
7496,2.280079696
7497,0.080269903
7499,0.480255171
7518,0.100267766
7528,0.01027895
7529,0.500227451
7537,0.030275957
7543,0.080278689
7548,0.040275744
7551,0.020278736
7552,3.500105152
7555,0.240256369
7563,0.120278452
7571,0.180261071
7575,0.09026969
7577,0.200277978
7580,0.250250024
7583,0.05027382
7587,0.020278736
7599,0.120263918
7602,0.230267696
7605,0.010278095
7610,3.020025075
7611,0.020279045
7616,2.100091886
7617,0.300246826
7618,0.01027895
7627,2.230100416
7636,0.05027382
7651,0.120264063
7657,0.010279104
7659,0.060272041
7672,0.010278095
7673,0.010279104
7678,3.330237289
7679,0.110267552
7684,2.770063838
7685,0.130265878
7711,1.270156999
7717,0.040274889
7725,0.030278523
7726,0.020279045
7736,9.869579011
7738,0.930167101
7741,3.110152901
7745,5.009825468
7747,0.110264987
7749,0.320259226
7751,1.700068428
7758,0.140267622
7759,0.570219955
7760,0.060274461
7761,0.270248322
7766,0.270273053
7770,1.670138231
7776,0.030278986
7786,0.400234718
7788,0.020279045
7794,0.65021171
7797,0.020279045
7798,0.460228015
7799,0.440268624
7800,0.030277668
7802,0.460251405
7812,0.070278749
7814,2.560002373
7817,0.640215918
7825,0.05027553
7834,0.030278986
7839,0.020277881
7850,0.01027895
7859,0.060273606
7867,0.030276812
7875,0.870159701
7878,0.030275247
7879,1.6701395
7889,0.510230513
7891,0.140265655
7892,0.410232504
7893,1.910084116
7895,0.080278689
7901,0.170259429
7906,1.050160437
7912,0.73020374
7917,0.550238921
7924,0.020279045
7927,0.040278926
7936,3.520012549
7937,0.030278986
7943,0.080270759
7945,1.310147593
7946,0.280217061
7949,0.690211421
7950,2.7799765
7952,0.020277881
7958,0.030275247
7959,0.480228733
7962,0.150278274
7966,0.140266056
7969,0.260256942
7975,0.100273752
7977,0.100268074
7980,0.080270759
7983,0.61021555
7986,0.110267552
7994,0.560262856
8001,0.160260498
8002,1.180167467
8012,0.7202132
8013,0.500216899
8018,0.200262064
8024,0.070273393
8025,1.020174876
8034,0.130278393
8045,1.170118811
8047,0.130264705
8056,0.450238346
8060,0.060272041
8063,0.01027895
8082,0.160277906
8086,0.100266055
8096,0.230261466
8097,0.300277385
8103,0.110269973
8104,0.170259429
8108,0.130267835
8116,0.040275034
8121,0.110268407
8127,0.040278926
8138,0.17026285
8141,0.020278736
8143,0.320245543
8145,2.959965954
8146,0.130273111
8148,0.190262278
8158,1.920067165
8160,4.629907831
8162,0.020277026
8166,0.020279045
8171,0.060272041
8176,0.270247176
8177,0.430237825
8183,0.330246185
8184,0.020277881
8186,0.790208285
8187,0.250256721
8190,0.30024226
8192,0.020279045
8193,0.01027895
8194,0.170267187
8195,0.220257651
8197,1.150187915
8203,0.220264335
8207,0.05027311
8212,6.349573501
8217,0.080270759
8233,0.010279104
8245,0.020278736
8248,0.880191558
8256,0.190259002
8261,0.22025081
8268,0.130278393
8269,0.060274606
8272,0.230265584
8277,0.070272537
8278,2.480017648
8283,0.070278749
8295,0.310277326
8305,0.220273967
8309,2.280066898
8313,0.170259719
8340,0.140267622
8344,0.120278452
8345,0.630198469
8346,0.030276812
8353,0.030278986
8361,7.059700625
8363,0.060272041
8367,0.040274889
8376,0.060274606
8379,0.590220398
8383,0.040274889
8384,0.020277026
8392,0.29025088
8394,0.360243689
8414,0.020278736
8416,0.070271682
8418,1.460130193
8429,0.240253803
8448,5.239881925
8456,0.760212621
8457,0.020279045
8463,0.040278926
8466,0.59022974
8474,1.530128341
8476,0.020279045
8483,2.310057508
8487,0.070273393
8494,0.390238207
8499,0.940158771
8501,0.370241064
8502,0.450231084
8503,0.090268835
8505,0.770201614
8509,1.42016473
8515,0.030278986
8528,0.310250453
8534,0.020277026
8539,0.130267125
8545,0.190265279
8546,0.01027895
8552,0.130278393
8558,0.020279045
8560,0.030276812
8561,0.110264987
8574,0.010278095
8577,0.050278867
8582,0.060278808
8585,1.130179208
8588,0.230253452
8601,0.160278215
8603,0.100278571
8616,0.180264637
8617,0.390243468
8618,3.179869099
8621,0.250252735
8623,0.010278095
8624,0.010278095
8626,0.090267124
8627,4.219850061
8635,0.190260858
8638,0.130267835
8640,0.070272682
8648,0.430232367
8662,0.200253802
8673,0.090271255
8676,2.380048581
8690,0.090267124
8702,0.010278095
8704,0.020277881
8715,0.210277919
8717,0.57022281
8723,0.300252027
8724,0.250253735
8725,0.320245833
8731,0.030278986
8738,0.090267269
8741,0.100266055
8749,0.160262353
8752,0.110265842
8755,0.050278867
8757,0.340244536
8759,0.070274393
8762,0.080278689
8763,0.270256293
8767,0.590212281
8774,0.030278986
8783,0.040278926
8790,0.060278808
8800,9.179330623
8801,0.190278037
8812,0.55021128
8818,0.270252162
8819,0.580227196
8820,0.300250957
8821,0.890186495
8829,0.32024073
8833,0.160278215
8840,0.09027863
8846,0.380232999
8850,0.830011336
8856,0.030278986
8857,0.360235992
8864,0.080270048
8865,0.560223604
8867,0.030278986
8869,0.280250949
8874,0.030278986
8878,0.240249527
8881,1.29014441
8891,0.100266055
8897,0.040278926
8899,0.110268407
8902,0.070273393
8907,0.010278095
8910,0.020278736
8923,0.05027382
8925,0.110264987
8927,0.260252666
8930,0.080272324
8934,0.050278867
8943,0.020277026
8950,0.020279045
8951,0.37027697
8953,0.040278926
8954,0.710204587
8957,0.660212916
8960,0.060278808
8970,1.50014355
8976,1.68012534
8978,0.070278749
8992,0.070278749
8995,0.180278097
8999,0.990234122
9006,0.350266892
9008,0.300248835
9009,1.45013934
9019,0.870186399
9026,0.020278736
9030,0.310250743
9031,0.260256797
9032,0.700217323
9034,0.030278986
9040,0.050277703
9044,0.180278097
9047,0.010279104
9052,0.010279104
9054,0.320240122
9056,0.720232213
9070,0.120270049
9071,0.870274006
9075,0.290245894
9081,3.870246127
9084,0.010279104
9086,0.890201925
9091,0.05027482
9096,0.020277026
9105,0.14026178
9116,0.020279045
9126,0.180261071
9136,0.180261071
9138,0.05027482
9139,0.200256513
9141,1.210160686
9146,0.01027895
9149,0.080278689
9151,0.110268407
9163,0.030278986
9171,1.010180529
9176,1.020169806
9181,0.050278867
9189,2.389988147
9196,0.050274675
9198,0.080274488
9204,0.420235856
9207,0.020279045
9210,0.030275957
9213,1.350147083
9217,0.030275957
9218,0.310239351
9222,0.100278571
9242,0.260277622
9247,0.330256752
9248,0.070271682
9249,0.050274675
9256,0.060272041
9260,0.01027895
9266,0.65021171
9267,0.120263918
9268,0.310255019
9275,0.040278926
9276,0.090267124
9286,0.550228804
9287,0.110264987
9295,0.260252666
9302,1.150207487
9318,0.040278926
9323,0.05027553
9326,0.080272469
9329,0.040273477
9336,0.660216612
9337,0.01027895
9338,3.160033272
9339,0.280277504
9349,0.610223956
9350,0.08027324
9352,0.710214704
9355,0.390238207
9359,0.060278191
9363,0.140278334
9364,0.01027895
9371,0.650207854
9376,0.99018949
9379,0.040278926
9381,0.01027895
9382,0.320259232
9388,5.079869883
9392,0.180260071
9393,0.580140588
9395,0.200262064
9399,2.949959523
9408,0.51023721
9410,0.480228733
9414,0.720180727
9419,0.150264132
9420,0.200262064
9421,0.280251239
9423,0.280250949
9428,0.570275785
9431,0.100278571
9432,0.150245478
9436,0.670245969
9438,0.490235491
9442,0.090270854
9448,0.160278215
9459,0.110278203
9462,0.320277267
9463,0.030278986
9471,0.510224802
9487,0.030278986
9490,0.110268407
9492,0.030275957
9500,0.22026239
9503,0.720210925
9507,0.930236395
9513,0.09027863
9515,2.050159875
9520,0.530257894
9523,0.230255017
9532,0.050278867
9534,0.2502553
9536,0.350270229
9537,0.270245466
9544,0.140274904
9546,0.450238491
9547,0.200277978
9548,0.070278749
9556,0.240248672
9569,0.030278986
9574,2.110061977
9577,0.190259857
9578,0.080270759
9579,0.7402253
9580,0.240250383
9582,0.060273606
9586,0.070273393
9599,0.270254018
9600,0.100269476
9603,0.290247894
9613,0.120269049
9623,0.040278926
9624,0.120272232
9626,1.880021047
9634,0.060278808
9640,0.010279104
9646,0.530227325
9652,0.020277026
9653,0.900203554
9654,1.130163815
9662,0.150263277
9663,0.950223872
9681,0.270277563
9686,0.090267979
9690,0.2502543
9691,0.380245827
9696,0.050278867
9712,0.130264705
9716,1.450270568
9720,0.180259216
9723,1.130248518
9725,0.120263918
9727,0.740211918
9747,0.080269048
9753,0.650230089
9758,0.160278215
9766,0.120263918
9781,0.700275014
9786,0.270254018
9790,0.530207286
9796,0.05027382
9806,0.170272954
9808,0.080278689
9811,0.230255017
9813,0.040278926
9816,0.060278808
9819,0.110265842
9820,1.180147514
9822,0.600206356
9824,0.09027863
9829,0.200265855
9832,0.52023343
9839,5.229885545
9843,0.610215499
9845,0.910182792
9851,0.230253452
9858,0.020279045
9866,2.120056502
9874,0.05027311
9877,0.980218301
9882,0.030278986
9884,0.040275744
9888,0.05027382
9892,0.050278867
9910,0.090270153
9911,0.320255951
9914,0.340244261
9929,0.570208562
9930,0.310249598
9936,0.210261141
9942,0.010278095
9945,0.020279045
9947,0.060278808
9956,0.250250314
9959,0.050278867
9963,0.370235779
9964,0.020279045
9965,0.010279104
9967,0.760274658
9970,0.370233083
9974,0.2102563
9979,1.010191251
9986,0.020277026
9987,0.090269835
9991,0.170258574
9998,0.370247102
10000,0.080278381
10003,0.71021711
10009,0.030278523
10010,0.110268407
10031,0.590206425
10035,0.070278749
10039,0.030278986
10049,0.170258574
10052,0.020277026
10054,0.54021948
10055,0.100270186
10065,0.030273537
10066,0.06027033
10069,1.220176862
10070,0.190259857
10071,0.070271827
10073,0.010279104
10093,2.630006405
10111,0.070278749
10114,1.030208015
10118,0.120267339
10119,1.760206516
10124,1.2201733
10142,0.060272751
10143,0.190256437
10149,0.01027895
10150,0.110278511
10151,0.080272469
10154,1.610138944
10162,0.020279045
10163,0.210274489
10165,0.020277026
10167,0.780204518
10168,0.070278749
10169,0.120268904
10170,0.280251949
10171,0.130264705
10172,0.070274711
10174,0.050278867
10183,0.080268193
10189,0.260252666
10190,0.150260712
10191,0.050274675
10194,0.460230581
10217,0.920166314
10223,0.140266056
10227,1.140226929
10232,0.130264705
10236,0.060274606
10240,0.390243903
10243,0.270246321
10244,0.420227014
10246,0.050271399
10247,0.020278736
10248,0.020278736
10249,0.020277026
10253,10.60910757
10271,0.19026747
10279,0.450238346
10283,2.820037719
10291,0.580241965
10294,0.330277207
10296,0.480276318
10297,0.280277504
10313,0.110273539
10317,0.030278986
10322,0.080278689
10328,0.010279104
10338,0.15026918
10341,1.560116583
10347,0.350244903
10348,0.570211983
10357,1.020181718
10368,0.610220971
10370,0.060273606
10375,0.100278571
10378,1.140165764
10381,0.610184358
10384,0.730209131
10388,0.09026969
10391,0.290252591
10397,0.290256381
10405,0.010278095
10415,0.020277026
10418,0.430178535
10426,0.020277026
10431,0.020279045
10433,0.070269262
10434,0.110278511
10435,0.020279045
10439,0.630222674
10440,0.030275957
10441,0.350242207
10445,3.020013871
10449,0.020279045
10453,0.49022852
10466,0.180259216
10469,0.180263955
10470,0.020277026
10472,0.400240834
10475,0.010279104
10480,0.930195177
10483,1.790136421
10486,0.130264705
10504,0.850205664
10507,0.120263918
10512,1.230134618
10519,0.380236
10523,1.330157993
10528,0.290246749
10529,0.120278452
10531,0.09026969
10532,0.110264987
10539,0.100270186
10540,28.31777819
10544,0.140264346
10545,0.01027895
10546,0.630231592
10547,0.030278986
10552,0.070273393
10556,0.080270759
10557,0.250256721
10564,0.520228154
10571,0.070273538
10573,0.080272324
10576,0.150265698
10577,0.010279104
10583,0.180278097
10589,0.070273538
10592,0.150274844
10594,0.05027482
10601,0.580233294
10605,0.020277881
10607,0.020277881
10625,0.750185998
10632,0.270252162
10633,0.290263756
10639,0.360234282
10646,1.780176752
10647,0.900222102
10652,0.040278926
10659,0.370257
10661,2.110037368
10662,0.110269118
10666,0.770209567
10668,0.030278986
10669,0.190258147
10680,0.100266055
10687,0.660217467
10691,0.170258574
10704,0.110265842
10707,0.140267622
10709,0.28026095
10710,0.130262849
10721,0.040278309
10722,0.190278037
10724,0.020278736
10729,0.080272324
10730,0.090271255
10734,0.110278511
10739,1.860109793
10743,0.090267124
10748,0.030278986
10749,0.140268622
10752,0.030278986
10761,0.150278274
10762,0.340255692
10768,1.300268027
10773,0.040275034
10774,0.020279045
10788,0.090271255
10791,0.030276812
10795,0.190259857
10805,6.679537455
10825,0.110271899
10827,0.01027895
10828,0.550275903
10833,0.010278095
10834,0.050278867
10839,0.120263208
10841,0.280244397
10846,0.110278049
10860,0.070278749
10874,0.080278689
10876,0.210255154
10890,0.020277026
10897,0.050278867
10900,0.020278736
10909,1.620128589
10913,0.040275744
10916,0.630223964
10917,0.51027614
10941,0.110268407
10949,0.210254753
10957,0.120267339
10964,0.09027069
10966,0.950182227
10969,0.050273965
10971,0.210267422
10974,0.140266766
10978,0.260277622
10982,0.020279045
10985,0.220277859
10992,1.140158296
10997,0.620275488
10998,0.01027895
11005,1.210166139
11007,0.030278986
11011,0.180278097
11012,0.360245819
11018,0.090271255
11020,0.720255005
11021,1.1901711
11027,0.070274393
11034,0.09026969
11043,0.100266663
11044,0.390235932
11050,0.090267124
11051,0.040278926
11052,0.290247894
11058,0.010279104
11059,0.090267979
11063,0.01027895
11067,0.130262849
11068,0.01027895
11072,0.080272324
11074,0.120278452
11081,0.510214975
11084,0.05027382
11086,0.180264202
11096,0.180278097
11097,7.85989698
11105,0.100270186
11107,0.050271399
11109,0.110264987
11115,0.110278511
11120,0.340255234
11125,0.020279045
11135,0.130267125
11146,0.680229721
11152,0.260255087
11155,0.300277385
11165,1.880081718
11166,0.140263636
11170,0.010278095
11174,0.040274889
11177,0.010278095
11181,1.920075877
11184,0.770217695
11189,0.040274889
11198,0.83020685
11199,0.480229575
11215,0.050274675
11216,0.080277455
11223,0.780211339
11226,0.020277026
11228,1.730097459
11233,0.050278867
11234,0.120264773
11238,0.270274133
11240,0.070278749
11246,0.720196662
11254,1.38013343
11256,0.100276398
11259,3.579940383
11263,1.680095061
11273,0.390262154
11279,1.000251274
11280,0.980183436
11286,1.500129837
11289,0.200258789
11295,0.020277881
11308,0.650196606
11313,0.070274393
11321,0.050278867
11323,0.890169521
11326,0.390238207
11327,0.130278393
11336,0.180261071
11337,0.390237482
11338,0.360244254
11340,0.130264705
11344,0.060278808
11347,0.290253301
11354,0.070273393
11356,3.469921259
11359,0.660196103
11360,0.070278749
11363,0.080272324
11364,1.690047147
11365,0.550226658
11367,0.640212368
11370,0.300246406
11377,0.570224246
11378,0.530218823
11379,0.550222116
11391,0.200267688
11392,0.030278986
11412,0.400244125
11416,0.400237138
11422,0.650221812
11425,0.01027895
11426,0.820195106
11431,0.020279045
11432,0.030278523
11448,0.080270904
11456,0.070274393
11461,0.080278689
11463,0.020277881
11467,1.150157577
11475,0.030275957
11480,0.020279045
11483,0.230256181
11489,0.030278986
11497,2.040114517
11498,0.150263277
11503,0.280246108
11504,0.050278867
11505,0.140267622
11515,0.110271828
11519,1.100211835
11521,0.320246674
11525,0.110268552
11527,0.040278926
11528,0.060272041
11531,0.190257292
11539,0.210274489
11543,0.810193464
11544,0.380237711
11558,0.030278986
11561,0.110270263
11563,0.240255369
11564,0.420227014
11565,4.61992729
11566,0.080270759
11578,0.030276812
11579,1.430127361
11582,1.590068662
11585,1.760190487
11587,0.22025081
11594,0.050278867
11595,1.220152921
11602,0.120268904
11605,0.530267156
11610,0.960209525
11615,0.280241992
11622,0.33024391
11623,1.080131004
11645,2.610021839
11651,1.050184208
11669,0.210252734
11671,0.070273393
11673,0.080271614
11675,0.010278095
11678,0.030278523
11682,0.140267683
11689,0.860237964
11691,0.130278393
11695,0.050274675
11704,0.09027863
11707,1.690101212
11714,0.040274889
11723,0.210274489
11736,0.110278511
11738,0.060278808
11739,0.130270925
11741,4.319839744
11752,0.140278334
11756,5.63964687
11763,0.080278689
11765,0.090267124
11769,0.040275034
11773,0.080272324
11774,0.310270466
11779,0.14027374
11783,0.120268904
11789,1.440140166
11791,0.070274393
11795,0.120268904
11797,0.090271255
11810,0.050278867
11811,0.050274675
11812,1.690143697
11817,1.160189845
11821,0.050278867
11826,0.120263918
11828,0.150263277
11834,0.270245466
11840,0.01027895
11843,0.26024739
11845,0.360252531
11855,0.430219539
11858,0.180256795
11870,0.140263636
11888,0.740199534
11893,0.190278037
11896,1.20027205
11898,0.020279045
11899,0.210261851
11903,0.780204265
11910,0.680209238
11916,2.619973402
11919,0.020277881
11921,0.560214052
11926,0.020279045
11927,0.030276812
11929,0.680194385
11932,0.030278986
11948,0.040275744
11960,0.250257011
11973,0.020279045
11974,1.980076639
11975,0.060278499
11976,0.330246503
11980,0.090267124
11983,0.310244757
11984,0.540211768
11987,0.320277267
11991,0.350247033
11992,0.100270476
11993,0.31023666
12003,0.190262031
12004,0.640216909
12010,0.030276812
12012,0.210257865
12019,0.100266055
12024,0.17026214
12036,0.130262849
12041,0.040275034
12043,0.070273393
12045,0.020277881
12048,0.080270759
12051,0.450231084
12052,0.040278926
12056,2.270166043
12061,0.380236
12064,0.01027895
12067,0.030276812
12072,0.670275192
12074,1.1901711
12082,0.060273606
12083,0.260277622
12085,0.020277026
12086,0.100278571
12089,0.080269048
12092,1.940077339
12096,0.030278986
12097,0.040278926
12110,0.390251204
12113,0.060272751
12114,0.530232507
12119,0.320249384
12120,0.020279045
12126,0.140257949
12128,0.570222535
12130,0.090278476
12135,0.150278274
12136,0.090267124
12138,0.260261073
12140,1.060135408
12141,0.060273606
12144,0.060277798
12146,0.060272751
12154,0.220266354
12157,0.160262353
12159,0.270245466
12163,0.230256438
12171,0.530233362
12182,0.030278986
12188,0.020279045
12200,1.480180606
12203,1.249965037
12209,0.110278511
12211,0.040274889
12215,0.480174046
12219,1.090248692
12227,0.080278689
12234,0.180257505
12236,0.09027863
12243,0.590180258
12245,0.170261995
12247,2.21003094
12260,0.130267835
12263,0.440276555
12264,0.110267552
12267,0.480246768
12279,0.050278559
12284,0.070274393
12290,0.290253301
12291,0.590230254
12297,0.060272041
12298,0.090267979
12299,1.32013259
12303,0.250270822
12304,0.600225025
12318,0.140266201
12319,0.130267835
12324,0.020278736
12326,1.560269916
12330,0.320243268
12336,0.020279045
12341,0.130262849
12344,0.180259361
12349,0.34024728
12362,0.060278808
12394,0.020278736
12395,0.040278926
12407,0.570220115
12410,0.250260913
12411,0.010279104
12417,0.010279104
12428,0.010279104
12431,0.020279045
12458,0.950197606
12460,0.190262423
12461,2.670029182
12463,0.05027553
12469,1.380115746
12471,0.01027895
12475,0.120265628
12476,0.020279045
12484,0.170257864
12493,0.390238207
12498,0.780189134
12503,0.020279045
12512,0.120264773
12513,0.140267622
12516,0.070278749
12519,0.020278736
12523,0.040274889
12529,0.510223672
12530,0.020278736
12538,0.010279104
12547,0.020277881
12555,0.050278867
12559,0.010278095
12567,0.010278095
12569,0.340244971
12579,0.050274675
12580,0.300249811
12581,0.050271399
12585,0.220253375
12593,0.110268407
12598,0.410230938
12603,0.560209631
12619,1.130156762
12631,0.110269973
12635,0.100270186
12642,0.100269476
12651,0.150278274
12652,0.420224173
12656,0.140263636
12668,0.060274461
12683,0.550221397
12686,0.200262354
12696,0.540232495
12702,0.270254018
12703,0.190259857
12707,0.030275247
12709,0.430250649
12711,0.160272471
12712,1.40016756
12713,0.040274889
12716,0.250247603
12721,0.510214975
12722,0.260252666
12728,0.150270797
12729,0.160260498
12730,0.140278334
12731,0.150263422
12734,0.010279104
12741,0.050278867
12743,0.2502543
12744,2.200062301
12747,0.060272751
12750,0.020279045
12751,0.040278926
12754,0.340242841
12757,0.030278986
12762,0.54022032
12764,0.290245039
12765,0.070278749
12770,0.710214269
12771,0.110274619
12772,0.100269476
12778,0.190260858
12781,0.280277504
12783,0.030276812
12786,0.060272751
12798,0.390242338
12812,1.670160747
12814,0.440238673
12822,0.120278452
12823,1.65011512
12827,0.040278926
12828,0.730235089
12832,0.390266562
12833,0.080269903
12840,0.01027895
12842,0.430236362
12846,0.460236456
12850,1.26015603
12851,0.2502553
12855,0.210253589
12868,0.030276812
12879,1.290165529
12883,0.840178285
12885,0.2302778
12889,0.040278926
12892,0.340244536
12895,0.630220819
12898,0.020278736
12899,1.220164343
12901,0.120278452
12913,0.290277444
12915,2.07012008
12937,1.610152245
12940,0.8901671
12941,0.010278095
12952,0.500216043
12954,0.32025053
12958,0.020279045
12961,0.160273621
12966,17.27900283
12970,0.140274904
12977,0.340245826
12984,0.33024746
12986,0.160272612
12989,0.020279045
12990,1.190200909
12997,0.400237138
13000,0.080269048
13010,0.010278095
13012,0.130267125
13046,0.270245466
13048,0.040276599
13053,1.690117077
13055,0.140262636
13059,0.270254018
13064,0.60022388
13070,0.36024782
13077,0.730207566
13087,0.020278736
13090,0.030276812
13092,0.05027382
13094,0.110269118
13095,0.290247894
13107,0.260265107
13111,0.050274675
13112,0.01027895
13114,1.170172383
13115,0.760217455
13121,0.610211984
13123,0.690207015
13135,0.180278097
13149,0.240255369
13154,0.180256795
13161,0.010278095
13164,0.060272751
13173,0.410229793
13180,0.160264774
13186,0.29025088
13189,0.14026178
13190,0.700212062
13196,0.01027895
13206,1.090154872
13208,0.01027895
13209,0.210261141
13212,0.030278523
13214,0.160264629
13218,2.47000513
13222,1.750212715
13228,0.450233635
13236,0.070278749
13247,0.72019111
13253,1.280147899
13261,0.050278867
13267,0.050278559
13269,0.280274074
13273,0.030278986
13288,0.040275034
13289,0.41023678
13291,0.180261071
13295,0.200258789
13301,7.319516317
13321,0.05027382
13325,0.270277563
13333,1.220174297
13336,0.030275957
13345,0.190262493
13353,0.160264629
13355,0.460232436
13356,0.010278095
13359,0.060278808
13364,0.020277026
13367,0.350244903
13370,0.530219259
13371,0.290247894
13374,0.260263943
13376,3.619949176
13378,0.060278808
13381,4.329888993
13387,5.049773995
13389,0.050278867
13394,0.070274393
13396,0.99019133
13397,0.260246535
13401,0.200257223
13408,1.320101359
13412,0.780197656
13417,0.400241979
13418,1.370202855
13422,0.180261071
13423,0.020279045
13424,0.470220105
13433,1.02016989
13437,0.21025772
13453,0.56022972
13461,0.100269476
13462,0.05027553
13464,0.140263636
13467,0.180263347
13468,0.100266055
13471,0.050278867
13474,0.010279104
13475,0.010279104
13483,0.360252241
13486,0.030278986
13492,0.540222466
13502,2.230068453
13504,5.469836968
13509,1.860078929
13514,0.150276956
13519,0.740199815
13523,0.930150867
13524,0.730200159
13528,0.89018777
13536,0.160259643
13567,0.380232999
13573,0.960179708
13575,0.570211563
13576,0.250277682
13577,0.150278274
13579,0.030275957
13581,0.020279045
13584,0.110278511
13586,0.290270584
13587,0.230256438
13592,82.53226947
13597,0.040274889
13603,0.060273606
13604,0.100261421
13612,0.340244261
13622,0.380248328
13625,0.070274248
13627,0.340249102
13637,0.120259077
13650,0.240258369
13651,0.040275034
13656,0.660227773
13657,0.010278095
13660,7.179772778
13662,0.610220246
13666,0.110269118
13667,0.050278867
13669,0.170263159
13675,0.500230292
13676,0.050271399
13683,0.040274889
13693,3.630001459
13698,0.610224667
13701,0.060278808
13707,0.090267979
13711,0.070273393
13729,0.120263918
13732,0.350244758
13743,0.010278095
13757,0.160272458
13758,0.100266055
13760,0.01027895
13768,0.01027895
13769,0.070273538
13775,0.180261071
13787,0.020278736
13790,1.620110896
13795,0.070278749
13797,0.350247033
13801,0.840167603
13810,0.050274675
13811,0.040278926
13814,0.310249598
13824,0.160264774
13843,0.050278867
13845,0.040275744
13846,3.000005665
13853,0.020277881
13856,1.070233709
13857,0.09026969
13866,0.420273244
13870,1.480121529
13873,0.220255231
13874,1.060168335
13883,1.450138215
13891,0.180260926
13892,0.110278511
13900,1.360173311
13906,0.010278095
13907,0.120273325
13909,0.070278749
13910,1.130179208
13920,0.110278511
13934,0.040275744
13936,0.140278334
13943,0.430236081
13947,0.070278749
13957,0.460248863
13961,0.020279045
13962,0.440255117
13965,0.300277385
13966,0.710211979
13971,0.2502543
13978,0.150265698
13986,0.080268193
13987,1.100137579
13997,0.010278095
14008,0.160264495
14010,1.420117618
14014,0.060274606
14021,2.170209288
14029,3.539900082
14031,1.090164699
14034,0.080270759
14035,0.360235992
14036,1.170147467
14037,0.160262353
14038,0.130267835
14039,0.090272872
14040,0.080272324
14041,0.020278736
14050,0.05027553
14053,0.930172537
14061,0.070271827
14062,0.2502553
14065,0.120278452
14067,0.240257789
14089,0.040278926
14097,0.66023777
14100,0.180261071
14105,0.020279045
14107,0.020277881
14116,0.350236916
14118,0.110268407
14120,0.600217474
14127,0.680205068
14128,0.190267747
14129,1.200126447
14130,0.020279045
14135,0.180264492
14142,0.020279045
14145,0.120278452
14147,0.430239628
14149,3.890142323
14157,0.730198899
14159,0.020278736
14165,0.080272324
14167,0.040278926
14170,0.2102563
14180,0.610201866
14183,1.450201956
14186,0.150259146
14192,0.460226067
14193,0.140266056
14194,0.110269118
14199,0.160278215
14205,1.560164581
14210,0.810274362
14212,0.100266911
14215,12.61903153
14219,0.340244536
14221,0.080272469
14226,0.230270976
14227,0.09027863
14229,0.020277881
14231,0.330270347
14234,0.05027382
14235,0.0902714
14236,2.670010558
14239,0.530238541
14259,0.010279104
14264,0.190278037
14276,0.180257505
14278,0.120268904
14291,0.250252445
14297,0.020278736
14299,0.080272324
14301,0.110264987
14308,0.100266055
14309,0.05027382
14310,0.450217401
14320,0.010279104
14323,0.030276812
14325,0.920180587
14328,1.270157217
14332,0.120268904
14336,0.35023636
14341,3.84985254
14350,0.070274248
14368,0.900177569
14369,0.020279045
14370,0.630208006
14380,1.490126225
14383,0.420245044
14397,0.580249667
14399,0.040278309
14408,0.670228616
14409,0.14026178
14417,0.650196041
14431,0.05027382
14437,0.420236566
14447,1.210130924
14449,0.080278689
14454,0.200258789
14457,0.570220115
14463,0.400229152
14466,0.100272205
14467,0.020277026
14468,0.620218757
14471,0.050278867
14476,0.190265522
14479,0.140266201
14490,1.150272346
14492,0.270253018
14509,0.340244536
14510,1.580146523
14516,5.259734374
14520,0.020278736
14521,0.2302778
14525,0.440234505
14526,0.060274606
14545,0.73021344
14547,0.130262849
14552,0.360277029
14558,1.160192925
14559,0.200264145
14563,0.110265842
14566,0.100266055
14572,0.110269973
14573,0.170274726
14577,0.240264908
14582,0.120270512
14589,0.540222886
14597,0.280277504
14610,0.210260748
14614,0.010279104
14616,0.530228961
14629,0.210277919
14634,1.31013536
14636,0.020279045
14651,2.370020781
14664,0.350244193
14666,2.780006069
14674,0.130264705
14676,0.430231366
14678,1.730097459
14681,0.130263704
14683,0.2502553
14689,1.170191342
14704,0.110264987
14709,0.330277207
14722,0.260252666
14724,0.030278986
14728,0.230250596
14739,0.580202957
14740,0.020279045
14744,0.300255312
14752,0.010279104
14753,0.200256368
14757,1.230159326
14762,0.010279104
14769,0.01027895
14773,0.110267852
14788,0.130262849
14802,0.210277919
14804,0.160262517
14805,0.020277881
14816,0.100275141
14822,0.310245337
14833,0.030275957
14835,0.360260065
14840,0.030278986
14847,0.020277026
14855,0.150263277
14866,0.280251239
14868,0.010278095
14870,1.470168346
14871,0.2102563
14874,0.130278393
14880,1.100164311
14883,0.030278523
14888,0.030278986
14896,1.400153078
14901,0.030278986
14905,0.550275903
14907,0.830175368
14908,0.120263918
14910,0.290252881
14912,1.240186918
14913,0.100270186
14914,0.010278095
14918,0.010278095
14925,0.730227003
14936,0.030278986
14941,0.150264039
14955,0.230250596
14960,0.040272468
14963,0.05027482
14966,0.040278926
14967,0.340236419
14979,0.060278808
14980,0.220248969
14982,0.060278808
14983,0.560225324
14987,0.040277917
14993,0.510252502
14997,0.930170117
14999,0.130278393
15003,6.029811848
15004,3.319995634
15015,0.810200741
15026,1.160130045
15035,0.060277882
15038,0.010278095
15044,2.800168464
15049,0.660214114
15058,0.360244975
15060,0.060273606
15061,0.720190965
15076,0.250254155
15077,0.14026178
15085,0.330255737
15087,0.470236499
15089,0.390243468
15095,0.110263576
15096,0.030276812
15100,0.030278986
15109,0.040275034
15111,0.320247964
15112,0.100266055
15119,0.020279045
15121,0.180263347
15124,0.030278986
15125,0.110264987
15130,0.450276496
15136,0.280251949
15141,0.09027863
15147,0.440224876
15157,0.600197384
15160,0.150278274
15163,1.640104612
15174,0.130262849
15175,0.060278808
15177,0.010279104
15178,1.170156294
15179,3.029967052
15183,0.860216212
15185,0.280277504
15186,0.100278571
15187,0.09027863
15188,0.040273323
15190,0.060278808
15197,0.180263862
15203,0.040274889
15208,0.060278808
15252,1.300144646
15253,0.160269738
15258,0.040278309
15264,0.080272324
15265,0.420230435
15273,1.560189368
15274,0.030278986
15284,0.680201242
15302,0.050274675
15303,0.420241262
15307,0.030278986
15315,4.719785694
15321,0.560208065
15327,0.180261926
15329,0.890186059
15331,0.030278986
15339,0.540224472
15346,0.190259002
15348,0.010279104
15350,0.220257506
15352,4.35983282
15353,0.780204512
15355,0.060272751
15357,0.100278571
15368,0.420240697
15369,0.080270759
15380,0.050278867
15381,1.170142064
15387,6.639611889
15395,0.850241238
15398,0.010278095
15403,0.260257362
15406,0.710215544
15409,0.160264629
15420,0.030278986
15431,1.110164556
15436,0.920178737
15440,0.040275898
15441,0.700253363
15442,0.290254362
15446,0.090271255
15450,0.780208013
15465,0.570211128
15471,0.040275744
15474,0.080278689
15482,0.020278736
15491,0.01027895
15498,0.14026178
15500,0.020278736
15507,0.080268193
15516,1.350139302
15525,0.020277881
15531,0.05027382
15544,0.21025772
15545,0.190261166
15549,0.190258456
15552,0.010278095
15562,0.200252947
15573,0.130262849
15579,0.770182346
15590,0.030275957
15597,0.080268193
15605,0.170255443
15606,0.080270759
15618,0.260252666
15627,0.470237064
15632,1.74010721
15633,0.050278867
15638,0.150265698
15641,0.010278095
15642,0.33024533
15650,0.05027382
15656,1.01017851
15659,0.190259857
15661,0.280254894
15665,0.380267816
15677,1.62026613
15693,0.030278986
15697,0.180261071
15700,0.020277026
15715,0.380244734
15718,0.630261709
15720,1.430150726
15730,0.120264918
15735,0.2102563
15741,0.530222679
15742,0.060274461
15745,0.070278749
15749,0.240277741
15750,0.09027863
15751,0.100267766
15752,0.020277026
15758,0.360233427
15759,1.200163647
15766,0.090269545
15771,0.470229802
15781,0.150278274
15786,0.480235417
15789,0.030275957
15796,1.070166284
15797,0.37024133
15798,0.120278452
15803,0.030278986
15806,0.010279104
15826,0.790169816
15850,0.280251949
15861,0.030278986
15865,0.190268554
15869,0.270247176
15879,0.590223093
15885,0.75023694
15893,0.090271255
15897,0.390238207
15904,0.040278926
15924,0.110278511
15937,0.210261141
15944,0.320198263
15991,0.010279104
15992,0.230255017
16001,2.250056132
16004,0.20026843
16007,0.030278986
16010,0.140266766
16015,0.460260933
16016,1.640180439
16021,0.110278511
16030,3.969917428
16041,0.440230588
16042,0.170260575
16048,0.060278808
16049,0.070278749
16055,0.100278571
16059,0.130278393
16069,1.780090178
16079,0.09026969
16093,0.990183199
16102,0.800198504
16111,5.989670517
16112,0.080278689
16115,1.65011198
16117,0.430231657
16122,0.780203802
16125,0.250253735
16128,0.120265628
16130,0.080268193
16136,0.070270972
16137,0.940194176
16138,1.820085795
16139,0.260277622
16140,0.5502107
16143,0.240248672
16146,0.09027863
16150,0.030278986
16155,0.770223119
16161,0.010279104
16163,0.010278095
16164,0.400239092
16167,0.040278926
16168,0.310241191
16170,0.85019219
16176,1.050168288
16184,1.000174052
16186,1.020225036
16187,1.99006428
16189,0.370261109
16194,0.550237081
16202,0.320245543
16204,0.050278867
16221,0.270266202
16223,0.36024711
16231,0.260246535
16232,0.160259643
16234,0.230249741
16250,2.220028849
16254,1.730140441
16261,1.220146152
16263,0.080268193
16280,0.020277026
16283,0.080268193
16284,1.190172376
16290,0.030278986
16293,0.870188342
16297,0.150278274
16300,0.550275903
16301,0.240249682
16309,0.080272324
16310,0.020279045
16313,0.080268193
16318,0.05027382
16322,0.530227085
16325,0.310250453
16330,0.160274785
16333,0.010279104
16337,0.460237277
16340,4.30982866
16343,0.580217261
16351,0.150278274
16353,0.13026627
16354,0.260246535
16357,0.530246976
16358,0.030278986
16362,0.260254231
16363,0.160278215
16369,0.760198533
16371,0.980166204
16373,0.060278808
16383,0.020277881
16389,0.100269476
16393,0.170258574
16394,0.040275744
16397,0.120278452
16403,3.34991443
16405,0.080268193
16414,0.740194829
16417,0.100270186
16418,1.970128553
16423,0.050274675
16439,0.240257789
16444,0.110278511
16456,0.010278095
16460,0.05027482
16468,0.450230794
16470,1.610114965
16484,0.210264847
16485,0.110278511
16489,3.689958105
16491,5.48984191
16493,0.900180165
16494,0.840182271
16496,0.220260782
16503,0.180263637
16504,0.120263918
16512,0.080272324
16514,0.210259575
16520,0.050278867
16522,0.040274889
16532,0.150278274
16541,0.100278571
16546,0.120265628
16559,0.180257505
16560,0.140267066
16568,0.310241191
16571,0.130262849
16576,0.040273477
16579,0.890196177
16590,0.280244687
16592,0.500225871
16596,0.190260302
16602,0.150264132
16611,7.599698038
16633,0.01027895
16639,0.070274393
16641,0.150265843
16647,0.260252666
16652,0.660248254
16658,0.070278749
16660,0.160260498
16663,0.020277026
16669,0.060278808
16677,0.100267766
16678,0.700201945
16682,0.020279045
16692,0.020277026
16694,1.280158931
16697,1.140150674